Port,Degree,Local Clustering Coefficient
"Singapore, Singapore",907,0.028821698294598547
"Republic of Korea, Busan",898,0.02845168130342915
"China, Shanghai",855,0.014999246750756673
"China, Ningbo",855,0.014999246750756673
"Malaysia, Port Klang",668,0.04741042652326531
"China, Hong Kong SAR, Hong Kong",646,0.023937408500731994
"China, Qingdao",641,0.02422971918876755
"China, Shekou",641,0.02422971918876755
"Netherlands (Kingdom of the), Rotterdam",633,0.051642770012198295
"Belgium, Antwerp",590,0.0587321228166096
"China, Taiwan Province of, Kaohsiung",580,0.028342564469060805
"China, Xiamen",522,0.03356351254954736
"China, Yantian",512,0.034605858610567516
"China, Nansha",426,0.045125655896161285
"Germany, Hamburg",401,0.09714463840399003
"China, Xingang",385,0.05219155844155844
"United Arab Emirates, Jebel Ali",286,0.1273708747392958
"China, Dalian",235,0.103873431533006
"Japan, Yokohama",220,0.17584059775840596
"Sri Lanka, Colombo",201,0.2263681592039801
"Malaysia, Tanjung Pelepas",182,0.24060469916823507
"Spain, Valencia",163,0.2779671286828751
"Viet Nam, Ho Chi Minh City",154,0.2756132756132756
"Japan, Tokyo",152,0.2586266991983269
"Republic of Korea, Kwangyang (Gwangyang)",147,0.3075202683813251
"France, Le Havre",121,0.4068870523415978
"Japan, Kobe",119,0.32673408346389404
"United States, New York/New Jersey",102,0.421277421859833
"Spain, Algeciras",99,0.49206349206349204
"Japan, Nagoya",99,0.3747680890538033
"Thailand, Laem Chabang",89,0.5891215526046987
"Germany, Bremerhaven",89,0.5748212461695608
"United States, Savannah",88,0.5002612330198537
"Morocco, Tanger Med",88,0.589864158829676
"Viet Nam, Haiphong",84,0.5304073436603557
"Spain, Barcelona",83,0.5774316779312372
"Republic of Korea, Incheon",78,0.6317016317016317
"Japan, Osaka",72,0.5062597809076682
"United Kingdom, London Gateway",62,0.7979904812268641
"China, Taiwan Province of, Taichung",60,0.6401129943502825
"China, Taiwan Province of, Keelung",59,0.6510812390414962
"United States, Norfolk",58,0.7477313974591652
"United States, Houston",58,0.7477313974591652
"India, Mundra",56,0.8032467532467532
"India, Nhava Sheva",55,0.8148148148148148
"Italy, Genoa",54,0.7945492662473794
"Greece, Piraeus",53,0.7808417997097242
"United States, Charleston",52,0.8009049773755657
"Saudi Arabia, Jeddah",51,0.8109803921568628
"China, Lianyungang",50,0.7314285714285714
"United Kingdom, Southampton",50,0.8693877551020408
"China, Taiwan Province of, Taipei",50,0.7314285714285714
"France, Fos",49,0.8460884353741497
"United States, Oakland",49,0.814625850340136
"United States, Los Angeles",47,0.8362627197039778
"United Kingdom, Felixstowe",47,0.8695652173913043
"United States, Long Beach",46,0.8473429951690822
"Egypt, Port Said",43,0.7840531561461794
"United Arab Emirates, Khalifa",41,0.8060975609756098
"United States, New Orleans",40,0.8346153846153846
"United States, Port Everglades",39,0.8259109311740891
"Malaysia, Pasir Gudang",39,0.815114709851552
"Republic of Korea, Ulsan",39,0.8218623481781376
"Italy, Gioia Tauro",37,0.8513513513513513
"United States, Miami",36,0.8412698412698413
"Viet Nam, Vung Tau",35,0.7915966386554621
"China, Qinzhou",34,0.8983957219251337
"United States, Baltimore",34,0.8253119429590018
"United States, Jacksonville",34,0.8253119429590018
"United States, Seattle",34,0.8253119429590018
"Japan, Moji",33,0.7803030303030303
"United Kingdom, Tilbury",33,0.8768939393939394
"China, Fuzhou",33,0.9034090909090909
"Japan, Shimizu",33,0.7803030303030303
"Japan, Hakata",33,0.7803030303030303
"Spain, Las Palmas",33,0.8636363636363636
"China, Shantou",33,0.9034090909090909
"United States, Philadelphia",33,0.8143939393939394
"Oman, Salalah",31,0.8516129032258064
"China, Da chan Bay",31,0.9096774193548387
"Saudi Arabia, King Abdullah",31,0.8387096774193549
"United Kingdom, Liverpool (GB)",31,0.8623655913978494
"United States, Wilmington (US-NC)",31,0.8387096774193549
"Thailand, Bangkok",31,0.8516129032258064
"France, Dunkirk",30,0.8528735632183908
"Germany, Wilhelmshaven",30,0.8528735632183908
"Egypt, Alexandria",30,0.8068965517241379
"United States, Tacoma",30,0.8436781609195402
"Turkiye, Ambarli",29,0.8472906403940886
"Netherlands (Kingdom of the), Vlissingen",29,0.8423645320197044
"Colombia, Cartagena (CO)",29,0.8399014778325123
"United States, Mobile",28,0.828042328042328
"Turkiye, Mersin",28,0.8359788359788359
"Belgium, Zeebrugge",27,0.8262108262108262
"Morocco, Casablanca",26,0.8061538461538461
"Saudi Arabia, Dammam",26,0.8184615384615385
"Malaysia, Penang",26,0.8123076923076923
"Malta, Marsaxlokk",26,0.8092307692307692
"China, Fuqing",25,0.9166666666666666
"China, Yingkou",25,0.9166666666666666
"Italy, La Spezia",25,0.8
"Viet Nam, Da Nang",25,0.78
"United Kingdom, Tees",25,0.8066666666666666
"Panama, Manzanillo (PA)",24,0.7898550724637681
"China, Yangpu",24,0.9130434782608695
"United States, Honolulu",24,0.7862318840579711
"United States, Tampa",24,0.7862318840579711
"Republic of Korea, Pyongtaek",24,0.7753623188405797
"China, Rizhao",24,0.9130434782608695
"Italy, Leghorn",24,0.7862318840579711
"China, Yantai",24,0.9130434782608695
"China, Quanzhou",24,0.9130434782608695
"United States, Boston (US)",24,0.7862318840579711
"United Kingdom, Immingham",23,0.7786561264822134
"Turkiye, Aliaga (Nemrut)",23,0.7707509881422925
"Spain, Bilbao",23,0.7747035573122529
"Italy, Naples",23,0.7707509881422925
"Egypt, Damietta",23,0.766798418972332
"Italy, Trieste",23,0.7707509881422925
"United Kingdom, Hull",23,0.7786561264822134
"Spain, Vigo",22,0.7532467532467533
"Viet Nam, Qui Nhon",22,0.7445887445887446
"United States, Port Hueneme",22,0.7445887445887446
"Republic of Korea, Daesan/Seosan",22,0.7316017316017316
"United States, Portland (US-OR)",22,0.7445887445887446
"United States, Wilmington (US-DE)",22,0.7445887445887446
"United States, West Palm Beach",22,0.7445887445887446
"South Africa, Durban",22,0.7489177489177489
"United States, Dutch Harbour",22,0.7445887445887446
"Republic of Korea, Pohang",22,0.7316017316017316
"Portugal, Sines",22,0.7532467532467533
"Italy, Salerno",22,0.7575757575757576
"Spain, Castellon",22,0.7532467532467533
"Spain, Santa Cruz de Tenerife",22,0.7532467532467533
"Japan, Yokkaichi",22,0.7532467532467533
"China, Taicang",22,0.9134199134199135
"United States, Gulfport",22,0.7445887445887446
"United States, Freeport (US)",22,0.7445887445887446
"Italy, Venice",22,0.7575757575757576
"India, Hazira",21,0.7333333333333333
"Netherlands (Kingdom of the), Moerdijk",21,0.7333333333333333
"Brazil, Santos",21,0.7285714285714285
"Oman, Sohar",21,0.7666666666666667
"Italy, Civitavecchia",21,0.7380952380952381
"Canada, Vancouver (CA)",21,0.7285714285714285
"Malaysia, Kota Kinabalu",21,0.7285714285714285
"Italy, Vado Ligure",21,0.7380952380952381
"Italy, Ancona",21,0.7380952380952381
"Italy, Ravenna",21,0.7380952380952381
"Japan, Kawasaki",21,0.7285714285714285
"China, Huangpu",21,0.9047619047619048
"China, Jiangyin",21,0.9047619047619048
"Japan, Mizushima",21,0.7285714285714285
"Japan, Hiroshima",21,0.7285714285714285
"United States, Camden",21,0.7285714285714285
"Pakistan, Karachi",21,0.7285714285714285
"United States, Panama City",20,0.7
"United States, Port Manatee",20,0.7
"Portugal, Leixoes",20,0.7578947368421053
"Republic of Korea, Kunsan (Gunsan)",20,0.6894736842105263
"Republic of Korea, Mokpo",20,0.6894736842105263
"Republic of Korea, Pyeongaek",20,0.6894736842105263
"Panama, Balboa",20,0.7052631578947368
"United States, San Diego",20,0.7
"Japan, Hososhima",20,0.7052631578947368
"United States, Vancouver (US)",20,0.7
"United States, Stockton",20,0.7
"Malaysia, Sandakan",20,0.7052631578947368
"Saudi Arabia, Jubail",20,0.7052631578947368
"Malaysia, Bintulu",20,0.7052631578947368
"Japan, Fukuyama",20,0.7052631578947368
"United States, Corpus Christi",20,0.7
"United States, Chester",20,0.7
"United States, Brunswick",20,0.7
"United States, Beaumont",20,0.7
"Japan, Shibushi",20,0.7052631578947368
"Japan, Sendai",20,0.7052631578947368
"United States, Eastport",20,0.7
"United States, Everett (US-WA)",20,0.7
"United States, Anchorage",20,0.7
"Viet Nam, Chu Lai",20,0.7421052631578947
"Peru, Callao",20,0.7
"Indonesia, Jakarta",20,0.7421052631578947
"Japan, Tomakomai",20,0.7052631578947368
"Japan, Tokuyama",20,0.7052631578947368
"United States, Galveston",20,0.7
"Malaysia, Kuantan",20,0.7052631578947368
"Malaysia, Labuan",20,0.7052631578947368
"Malaysia, Kuching",20,0.7052631578947368
"India, Chennai",20,0.7052631578947368
"United States, Kodiak",20,0.7
"Lebanon, Beirut",20,0.7052631578947368
"Malaysia, Tawau",20,0.7052631578947368
"France, Marseilles",20,0.7105263157894737
"United States, Morehead City",20,0.7
"Japan, Naha",20,0.7052631578947368
"Spain, Tarragona",19,0.7368421052631579
"United States, Portland (US-ME)",19,0.672514619883041
"China, Haikou",19,0.8947368421052632
"Malaysia, Sibu",19,0.672514619883041
"China, Zhanjiang",19,0.8947368421052632
"France, Montoir",19,0.7368421052631579
"Israel, Haifa",19,0.672514619883041
"United Arab Emirates, Sharjah",19,0.672514619883041
"United Kingdom, Belfast",19,0.7309941520467836
"United Arab Emirates, Khor Fakkan",19,0.672514619883041
"United Kingdom, Bristol",19,0.7309941520467836
"Australia, Brisbane",19,0.672514619883041
"Australia, Sydney",19,0.672514619883041
"India, Cochin",19,0.6783625730994152
"India, Tuticorin",19,0.6783625730994152
"United States, Gloucester City",19,0.672514619883041
"Australia, Melbourne",19,0.672514619883041
"United States, Cleveland",19,0.672514619883041
"China, Zhangjiagang",19,0.8947368421052632
"China, Zhuhai",19,0.8947368421052632
"China, Jinzhou",19,0.8947368421052632
"United Kingdom, Grangemouth",19,0.7309941520467836
"United Kingdom, Greenock",19,0.7309941520467836
"United Kingdom, Portsmouth (GB)",19,0.7309941520467836
"Egypt, El Sokhna",19,0.672514619883041
"China, Tangshan",19,0.8947368421052632
"United States, Fernandina",19,0.672514619883041
"China, Humen",19,0.8947368421052632
"Viet Nam, Nghi Son",19,0.7251461988304093
"India, Visakhapatnam",19,0.6783625730994152
"India, Pipavav",19,0.6783625730994152
"India, Kattupalli",19,0.6783625730994152
"India, Krishnapatnam",19,0.6783625730994152
"India, Kolkata (Calcutta)",19,0.6783625730994152
"Qatar, Hamad",18,0.6405228758169934
"Pakistan, Port Qasim",18,0.6993464052287581
"Japan, Tsuruga",18,0.6405228758169934
"Japan, Ube",18,0.6405228758169934
"Japan, Toyama Shinko",18,0.6405228758169934
"United Kingdom, Scrabster",18,0.6993464052287581
"United Kingdom, Poole",18,0.6993464052287581
"Japan, Toyohashi",18,0.6405228758169934
"United Kingdom, Fowey",18,0.6993464052287581
"Japan, Sakaiminato",18,0.6405228758169934
"China, Nanjing",18,0.9150326797385621
"China, Nantong",18,0.9150326797385621
"Japan, Kanazawa",18,0.6405228758169934
"Japan, Omaezaki",18,0.6405228758169934
"Japan, Onahama",18,0.6405228758169934
"Japan, Otake",18,0.6405228758169934
"Japan, Sakai",18,0.6405228758169934
"Japan, Imari",18,0.6405228758169934
"United Kingdom, Tyne",18,0.6993464052287581
"Japan, Kochi",18,0.6405228758169934
"Ecuador, Guayaquil",18,0.6339869281045751
"Japan, Kitakyushu/Hibiki",18,0.6405228758169934
"Japan, Iyomishima",18,0.6405228758169934
"Japan, Iwakuni",18,0.6405228758169934
"Japan, Ishikariwan Shinko",18,0.6405228758169934
"Japan, Maizuru",18,0.6405228758169934
"Japan, Matsuyama",18,0.6405228758169934
"Japan, Mishima, Kawanoe",18,0.6405228758169934
"Japan, Hachinoe",18,0.6405228758169934
"Japan, Akita",18,0.6405228758169934
"United Kingdom, Thamesport",18,0.6993464052287581
"Japan, Sakata",18,0.6405228758169934
"Japan, Kashima",18,0.6405228758169934
"Japan, Aburatsu",18,0.6405228758169934
"Japan, Muroran",18,0.6405228758169934
"Japan, Chiba",18,0.6405228758169934
"Japan, Imabari",18,0.6405228758169934
"Japan, Hitachi",18,0.6405228758169934
"Japan, Hibikishinko",18,0.6405228758169934
"United Kingdom, Dover",18,0.6993464052287581
"United Kingdom, Aberdeen",18,0.6993464052287581
"Germany, Bremen",18,0.6993464052287581
"Japan, Oita",18,0.6405228758169934
"Japan, Niigata",18,0.6405228758169934
"Japan, Naoetsu",18,0.6405228758169934
"Japan, Yatsushiro",18,0.6405228758169934
"Israel, Ashdod",18,0.6339869281045751
"Italy, Catania",18,0.7058823529411765
"South Africa, Cape Town",18,0.6993464052287581
"Germany, Lubeck",18,0.6993464052287581
"United Kingdom, Blyth",18,0.6993464052287581
"United Kingdom, Dagenham",18,0.6993464052287581
"France, Rouen",18,0.7058823529411765
"Japan, Takamatsu",18,0.6405228758169934
"Japan, Tokushima",18,0.6405228758169934
"Ghana, Tema",18,0.6405228758169934
"Mexico, Manzanillo (MX)",18,0.6339869281045751
"Mexico, Veracruz",18,0.6339869281045751
"Netherlands (Kingdom of the), Amsterdam",18,0.6993464052287581
"Greece, Thessaloniki",18,0.7058823529411765
"Turkiye, Gemlik",18,0.6405228758169934
"Morocco, Nador",18,0.6993464052287581
"Morocco, Agadir",18,0.6993464052287581
"Turkiye, Izmit Korfezi",18,0.6405228758169934
"Poland, Gdansk",18,0.6993464052287581
"Portugal, Lisbon",17,0.6691176470588235
"India, Mormugao",17,0.6691176470588235
"Netherlands (Kingdom of the), Ijmuiden",17,0.6617647058823529
"Netherlands (Kingdom of the), Botlek",17,0.6617647058823529
"Netherlands (Kingdom of the), Terneuzen",17,0.6617647058823529
"India, Paradip",17,0.6691176470588235
"Turkiye, Iskenderun",17,0.6691176470588235
"India, New Mangalore",17,0.6691176470588235
"India, Mumbai",17,0.6691176470588235
"India, Mangalore",17,0.6691176470588235
"Italy, Savona",17,0.6691176470588235
"Germany, Kiel",17,0.6617647058823529
"France, Bassens",17,0.6691176470588235
"France, Brest",17,0.6691176470588235
"Spain, Sagunto",17,0.6691176470588235
"Spain, Santander",17,0.6691176470588235
"Spain, Seville",17,0.6691176470588235
"Spain, Villagarcia",17,0.6691176470588235
"Spain, Santa Cruz de la Palma",17,0.6691176470588235
"Spain, Melilla",17,0.6691176470588235
"Spain, Puerto Del Rosario",17,0.6691176470588235
"Saudi Arabia, Yanbu",17,0.6691176470588235
"Germany, Travemunde",17,0.6617647058823529
"Spain, Malaga",17,0.6691176470588235
"Spain, Marin",17,0.6691176470588235
"Spain, Huelva",17,0.6691176470588235
"Spain, Gijon",17,0.6691176470588235
"Japan, Wakayama",17,0.5955882352941176
"Japan, Nagasaki",17,0.5955882352941176
"Germany, Cuxhaven",17,0.6617647058823529
"France, La Pallice",17,0.6691176470588235
"France, La Rochelle",17,0.6691176470588235
"Germany, Brake",17,0.6617647058823529
"Germany, Emden",17,0.6617647058823529
"Japan, Senboku",17,0.5955882352941176
"India, Haldia",17,0.6691176470588235
"India, Port Blair",17,0.6691176470588235
"India, Ennore",17,0.6691176470588235
"China, Changshu",17,0.9117647058823529
"Oman, Duqm",17,0.7279411764705882
"India, Kandla",17,0.6691176470588235
"Turkiye, Izmir",17,0.6691176470588235
"Japan, Otaru",17,0.5955882352941176
"China, Zhangzhou",17,0.9117647058823529
"Italy, Taranto",17,0.6691176470588235
"Italy, Trapani",17,0.6691176470588235
"France, Port Vendres",17,0.6691176470588235
"France, Radicatel",17,0.6691176470588235
"Turkiye, Tekirdag",17,0.6691176470588235
"Italy, Pozzuoli",17,0.6691176470588235
"Germany, Rostock",17,0.6617647058823529
"United Arab Emirates, Umm al Qaiwain",17,0.6617647058823529
"France, Sete",17,0.6691176470588235
"United Arab Emirates, Ajman",17,0.6617647058823529
"United Arab Emirates, Ruwais",17,0.6617647058823529
"United Arab Emirates, Abu Dhabi",17,0.6617647058823529
"Spain, Ferrol",17,0.6691176470588235
"Italy, Cagliari",17,0.6691176470588235
"Italy, Bari",17,0.6691176470588235
"Egypt, El Dekheila",17,0.6691176470588235
"South Africa, Port Elizabeth",17,0.6691176470588235
"China, Weihai",17,0.9117647058823529
"Spain, Cartagena (ES)",17,0.6691176470588235
"Spain, Cadiz",17,0.6691176470588235
"Spain, Arrecife",17,0.6691176470588235
"Spain, Almeria",17,0.6691176470588235
"Spain, Alicante",17,0.6691176470588235
"China, Wenzhou",17,0.9117647058823529
"South Africa, Coega",17,0.6691176470588235
"Japan, Mitajiri",17,0.5955882352941176
"Japan, Kumamoto",17,0.5955882352941176
"Japan, Miike",17,0.5955882352941176
"Italy, Palermo",17,0.6691176470588235
"Italy, Olbia",17,0.6691176470588235
"Italy, Marina di Carrara",17,0.6691176470588235
"Portugal, Setubal",16,0.625
"Philippines, Manila",16,0.6166666666666667
"Turkiye, Marport",16,0.625
"Turkiye, Kumport",16,0.625
"Turkiye, Evyap Pt",16,0.625
"Poland, Gdynia",16,0.625
"China, Dandon",16,0.9
"China, Wuhan",16,0.9
"China, Caodeidian",16,0.9
"Turkiye, Gebze",16,0.625
"Canada, Halifax",16,0.625
"Lebanon, Tripoli (LB)",16,0.625
"China, Dafeng",16,0.9
"China, Wiehai",16,0.9
"Turkiye, Haydarpasa",16,0.625
"Belgium, Ghent",16,0.625
"Brazil, Paranagua",16,0.5416666666666666
"Denmark, Aarhus",16,0.6166666666666667
"Sweden, Gothenburg",16,0.625
"Sweden, Helsinborg",16,0.625
"Canada, Montreal",16,0.625
"Canada, Prince Rupert",16,0.625
"Turkiye, Antalya",15,0.6571428571428571
"Portugal, Praia da Vitoria",15,0.6571428571428571
"Panama, Rodman",15,0.5714285714285714
"Panama, Colon",15,0.5714285714285714
"Portugal, Canical",15,0.6571428571428571
"Poland, Szczecin",15,0.6571428571428571
"Portugal, Ponta Delgada",15,0.6571428571428571
"Thailand, Songkhla",15,0.6571428571428571
"Thailand, Sahathai",15,0.6571428571428571
"Panama, Cristobal",15,0.5714285714285714
"Australia, Adelaide",15,0.5714285714285714
"Qatar, Mesaieed",15,0.6571428571428571
"Brazil, Salvador",15,0.5714285714285714
"Australia, Townsville",15,0.5714285714285714
"Sweden, Norrkoping",15,0.6571428571428571
"Greece, Heraklion",15,0.7333333333333333
"Sweden, Gavle",15,0.6571428571428571
"Sweden, Halmstad",15,0.6571428571428571
"Mexico, Altamira",15,0.5714285714285714
"Brazil, Suape",15,0.5714285714285714
"Brazil, Itajai",15,0.5714285714285714
"Brazil, Vila do Conde",15,0.5714285714285714
"Brazil, Itapoa",15,0.5714285714285714
"Brazil, Manaus",15,0.5714285714285714
"Brazil, Navegantes",15,0.5714285714285714
"Brazil, Pecem",15,0.5714285714285714
"Greece, Volos",15,0.7333333333333333
"Turkiye, Samsun",15,0.6571428571428571
"Turkiye, Yilport",15,0.6571428571428571
"Brazil, Rio de Janeiro",15,0.5714285714285714
"Turkiye, Yarimca",15,0.6571428571428571
"Sweden, Oxelosund",15,0.6571428571428571
"Sweden, Sodertalje",15,0.6571428571428571
"Sweden, Stockholm",15,0.6571428571428571
"Mexico, Ensenada",15,0.5714285714285714
"Brazil, Sepetiba",15,0.5714285714285714
"Mexico, Lazaro Cardenas",15,0.5714285714285714
"Brazil, Rio Grande",15,0.5714285714285714
"Denmark, Fredericia",15,0.5714285714285714
"Mexico, Progreso",15,0.5714285714285714
"Dominican Republic, Caucedo",15,0.7333333333333333
"Colombia, Santa Marta",15,0.5714285714285714
"Chile, Coronel",15,0.5714285714285714
"Chile, Arica",15,0.5714285714285714
"Colombia, Turbo",15,0.5714285714285714
"Chile, Antofagasta",15,0.5714285714285714
"Chile, Iquique",15,0.5714285714285714
"South Africa, Richards Bay",15,0.6571428571428571
"Chile, Lirquen",15,0.5714285714285714
"Colombia, Barranquilla",15,0.5714285714285714
"Chile, Puerto Angamos",15,0.5714285714285714
"Chile, San Antonio (CL)",15,0.5714285714285714
"Chile, San Vicente",15,0.5714285714285714
"Chile, Valparaiso",15,0.5714285714285714
"Colombia, Buenaventura",15,0.5714285714285714
"Turkiye, Mardas",15,0.6571428571428571
"Peru, Paita",15,0.5714285714285714
"Australia, Fremantle",15,0.5714285714285714
"Pakistan, Gwadar",14,0.6923076923076923
"Turkiye, Limas",14,0.6923076923076923
"Turkiye, Eregli",14,0.6923076923076923
"Australia, Newcastle",14,0.6043956043956044
"Australia, Darwin",14,0.6043956043956044
"South Africa, East London",14,0.6923076923076923
"China, Weifang",14,0.8681318681318682
"China, Shidao",14,0.8681318681318682
"China, Shenzhen",14,0.8681318681318682
"China, Dongguan",14,0.8681318681318682
"China, Jiujiang",14,0.8681318681318682
"China, Jingtang",14,0.8681318681318682
"China, Huizhou",14,0.8681318681318682
"Mexico, Mazatlan",14,0.6043956043956044
"Canada, Saint John",14,0.6043956043956044
"Canada, Corner Brook",14,0.6043956043956044
"Mexico, Puerto Chiapas",14,0.6043956043956044
"Denmark, Esbjerg",14,0.6043956043956044
"Jamaica, Kingston (JM)",14,0.6043956043956044
"Ecuador, Puerto Bolivar (EC)",14,0.5054945054945055
"Mexico, Guaymas",14,0.6043956043956044
"Denmark, Aalborg",14,0.6043956043956044
"Denmark, Copenhagen",14,0.6043956043956044
"Turkiye, Trabzon",14,0.6923076923076923
"Turkiye, Nemruth Bay",14,0.6923076923076923
"Brazil, Natal",14,0.6043956043956044
"Ecuador, Posorja",14,0.5054945054945055
"Ghana, Takoradi",14,0.6043956043956044
"Sweden, Ahus",14,0.6923076923076923
"Indonesia, Surabaya",14,0.5054945054945055
"Brazil, Vitoria",14,0.6043956043956044
"Brazil, Fortaleza",14,0.6043956043956044
"Panama, Almirante",14,0.6043956043956044
"Panama, Coco Solo",14,0.6043956043956044
"Thailand, Phuket",14,0.6923076923076923
"Turkiye, Diliskelesi",14,0.6923076923076923
"Portugal, Vila do Porto",14,0.6923076923076923
"Portugal, Velas",14,0.6923076923076923
"Thailand, Sriracha",14,0.6923076923076923
"Togo, Lome",14,0.3956043956043956
"Turkiye, Bandirma",14,0.6923076923076923
"Turkiye, Derince",14,0.6923076923076923
"Portugal, Porto Santo",14,0.6923076923076923
"Portugal, Praia da Graciosa",14,0.6923076923076923
"Peru, Matarani",14,0.6043956043956044
"Poland, Swinoujscie",14,0.6923076923076923
"Portugal, Figueira da Foz",14,0.6923076923076923
"Portugal, Flores",14,0.6923076923076923
"Portugal, Horta",14,0.6923076923076923
"Portugal, Pico",14,0.6923076923076923
"Mexico, Tampico",14,0.6043956043956044
"Sweden, Vasteras",14,0.6923076923076923
"Sweden, Karlstad",14,0.6923076923076923
"Sweden, Oskarshamn",14,0.6923076923076923
"Sweden, Pitea",14,0.6923076923076923
"Sweden, Sundsvall",14,0.6923076923076923
"Sweden, Umea",14,0.6923076923076923
"Sweden, Varberg",14,0.6923076923076923
"Brazil, Imbituba",14,0.6043956043956044
"Brazil, Macapa",14,0.6043956043956044
"Uruguay, Montevideo",13,0.6410256410256411
"Jordan, Aqaba",13,0.6410256410256411
"Australia, Geelong",13,0.6410256410256411
"Australia, Devonport",13,0.6410256410256411
"Colombia, Leticia",13,0.6410256410256411
"Australia, Port Botany",13,0.6410256410256411
"Australia, Dampier",13,0.6410256410256411
"Australia, Cairns",13,0.6410256410256411
"Peru, Iquitos",13,0.6410256410256411
"Australia, Port Hedland",13,0.6410256410256411
"Australia, Weipa",13,0.6410256410256411
"Bahamas, Freeport (BS)",13,0.6410256410256411
"Brazil, Sao Luis",13,0.6410256410256411
"Australia, Port Kembla",13,0.6410256410256411
"Argentina, Buenos Aires",13,0.6410256410256411
"Mexico, Coatzacoalcos",13,0.6410256410256411
"Slovenia, Koper",13,0.6410256410256411
"Mauritius, Port Louis",13,0.6410256410256411
"Mexico, Tuxpan",13,0.6410256410256411
"Australia, Bell Bay",13,0.6410256410256411
"Canada, Argentia",13,0.6410256410256411
"Cote d'Ivoire, Abidjan",13,0.6410256410256411
"Colombia, Tolu",13,0.6410256410256411
"Denmark, Skagen",13,0.6410256410256411
"Chile, Punta Arenas",13,0.6410256410256411
"Colombia, Puerto Bolivar (CO)",13,0.6410256410256411
"Canada, Toronto",13,0.6410256410256411
"Canada, St John's (CA)",13,0.6410256410256411
"Peru, Pisco",13,0.6410256410256411
"Australia, Burnie",13,0.6410256410256411
"Canada, Squamish",13,0.6410256410256411
"Denmark, Grenaa",13,0.6410256410256411
"Denmark, Kalundborg",13,0.6410256410256411
"Denmark, Hundested",13,0.6410256410256411
"Mexico, Puerto Morelos",13,0.6410256410256411
"Canada, New Westminster",13,0.6410256410256411
"Mexico, Santa Rosalia",13,0.6410256410256411
"Colombia, San Andres",13,0.6410256410256411
"Peru, Ilo",13,0.6410256410256411
"Panama, Panama",13,0.6410256410256411
"Russian Federation, St Petersburg",13,0.6410256410256411
"Russian Federation, Novorossijsk",13,0.6410256410256411
"Djibouti, Djibouti",12,0.5757575757575758
"Ecuador, Manta",12,0.5757575757575758
"Russian Federation, Vladivostok",12,0.6818181818181818
"Benin, Cotonou",12,0.5757575757575758
"Dominican Republic, Rio Haina",12,0.6818181818181818
"Congo, Pointe Noire",12,0.5757575757575758
"Croatia, Rijeka",12,0.6818181818181818
"Iraq, Umm Qasr",12,0.5757575757575758
"Argentina, Zarate",11,0.7272727272727273
"Argentina, Rosario",11,0.7272727272727273
"Philippines, Cebu",11,0.4909090909090909
"Philippines, Davao",11,0.4909090909090909
"Cote d'Ivoire, San Pedro (CI)",11,0.7272727272727273
"Dominican Republic, Puerto Plata",11,0.7272727272727273
"Kenya, Mombasa",11,0.4909090909090909
"Philippines, Cagayan de Oro",11,0.4909090909090909
"Russian Federation, Vostochniy",11,0.7272727272727273
"Cameroon, Douala",11,0.6181818181818182
"Russian Federation, Ust Luga",11,0.7272727272727273
"Romania, Constantza",11,0.4909090909090909
"Russian Federation, Bronka",11,0.7272727272727273
"Russian Federation, Kaliningrad",11,0.7272727272727273
"New Zealand, Auckland",11,0.4909090909090909
"Bahamas, Nassau",11,0.7272727272727273
"New Zealand, Tauranga",11,0.4909090909090909
"Argentina, Puerto Madryn",11,0.7272727272727273
"Argentina, Bahia Blanca",11,0.7272727272727273
"Angola, Luanda",11,0.6181818181818182
"Croatia, Split",10,0.7777777777777778
"Croatia, Ploce",10,0.7777777777777778
"Nigeria, Tin Can Island",10,0.6666666666666666
"Nigeria, Port Harcourt",10,0.6666666666666666
"Russian Federation, Archangel",10,0.7777777777777778
"Ukraine, Odessa",10,0.5333333333333333
"Angola, Soyo",10,0.6666666666666666
"Argentina, Ushuaia",10,0.7777777777777778
"Cameroon, Kribi",10,0.6666666666666666
"Iran (Islamic Republic of), Bandar Abbas",10,0.5333333333333333
"Jamaica, Montego Bay",10,0.6666666666666666
"Indonesia, Semarang",10,0.5333333333333333
"Guatemala, Puerto Quetzal",10,0.37777777777777777
"Mauritius, Port Mathurin",10,0.7777777777777778
"Uruguay, Punta Pereyra",10,0.7777777777777778
"Angola, Lobito",10,0.6666666666666666
"Nigeria, Lagos",10,0.6666666666666666
"Nigeria, Apapa",10,0.6666666666666666
"Russian Federation, Zarubino",10,0.7777777777777778
"New Zealand, Napier",10,0.5333333333333333
"Russian Federation, Magadan",10,0.7777777777777778
"Russian Federation, Petropavlovsk",10,0.7777777777777778
"Russian Federation, Korsakov",10,0.7777777777777778
"Russian Federation, Dudinka",10,0.7777777777777778
"Nigeria, Onne",10,0.6666666666666666
"Dominican Republic, Manzanillo (DO)",10,0.7777777777777778
"Philippines, Subic Bay",9,0.5833333333333334
"Philippines, Batangas",9,0.5833333333333334
"Philippines, Iloilo",9,0.5833333333333334
"Philippines, Dadiangas",9,0.5833333333333334
"New Zealand, Lyttelton",9,0.5833333333333334
"New Zealand, Bluff Harbour",9,0.5833333333333334
"Nigeria, Calabar",9,0.7222222222222222
"Nigeria, Lekki",9,0.7222222222222222
"New Zealand, Timaru",9,0.5833333333333334
"New Zealand, Wellington",9,0.5833333333333334
"New Zealand, Nelson",9,0.5833333333333334
"New Zealand, Port Chalmers",9,0.5833333333333334
"Papua New Guinea, Lae",9,0.4166666666666667
"Ukraine, Chornomorsk",9,0.5833333333333334
"Indonesia, Belawan",9,0.5833333333333334
"Philippines, Zamboanga",9,0.5833333333333334
"Ukraine, Yuzhny",9,0.5833333333333334
"Namibia, Walvis Bay",9,0.5833333333333334
"Indonesia, Panjang",9,0.5833333333333334
"Indonesia, Palembang",9,0.5833333333333334
"Iraq, Abu al Fulus",9,0.7222222222222222
"Iraq, Basrah",9,0.7222222222222222
"Indonesia, Sorong",9,0.5833333333333334
"Angola, Cabinda",9,0.7222222222222222
"Angola, Namibe",9,0.7222222222222222
"Angola, Malongo",9,0.7222222222222222
"Indonesia, Pontianak",9,0.5833333333333334
"Indonesia, Pantoloan",9,0.5833333333333334
"Indonesia, Padang",9,0.5833333333333334
"Indonesia, Makassar",9,0.5833333333333334
"Indonesia, Samarinda",9,0.5833333333333334
"Indonesia, Balikpapan",9,0.5833333333333334
"Indonesia, Jayapura",9,0.5833333333333334
"Indonesia, Ambon",9,0.5833333333333334
"New Zealand, Marsden Point",9,0.5833333333333334
"Indonesia, Bitung",9,0.5833333333333334
"Indonesia, Timika",8,0.6428571428571429
"Indonesia, Luwuk",8,0.6428571428571429
"Indonesia, Perawang",8,0.6428571428571429
"Indonesia, Tolitoli",8,0.6428571428571429
"Iran (Islamic Republic of), Bandar Imam Khomeini",8,0.6428571428571429
"Indonesia, Maumere",8,0.6428571428571429
"Indonesia, Benoa",8,0.6428571428571429
"Indonesia, Gorontalo",8,0.6428571428571429
"Guatemala, Puerto Barrios",8,0.4642857142857143
"Indonesia, Bengkulu",8,0.6428571428571429
"Indonesia, Batam Island",8,0.6428571428571429
"Indonesia, Benete Bay",8,0.6428571428571429
"Indonesia, Tarakan",8,0.6428571428571429
"Indonesia, Kupang",8,0.6428571428571429
"Indonesia, Tual",8,0.6428571428571429
"Iran (Islamic Republic of), Abadan",8,0.6428571428571429
"Bahrain, Bahrain",8,0.4642857142857143
"Iran (Islamic Republic of), Bushehr",8,0.6428571428571429
"Iran (Islamic Republic of), Khorramshahr",8,0.6428571428571429
"Indonesia, Pekanbaru, Sumatra",8,0.6428571428571429
"Indonesia, Medan",8,0.6428571428571429
"Indonesia, Tanjung Pinang",8,0.6428571428571429
"Indonesia, Ternate",8,0.6428571428571429
"Indonesia, Merauke",8,0.6428571428571429
"Philippines, Dumaguete",8,0.6428571428571429
"Philippines, Cotabato",8,0.6428571428571429
"Namibia, Luderitz",8,0.6428571428571429
"Philippines, Mindanao Terminal",8,0.6428571428571429
"Iran (Islamic Republic of), Bandar Assaluyeh",8,0.6428571428571429
"Iran (Islamic Republic of), Asaluyeh",8,0.6428571428571429
"Papua New Guinea, Madang",8,0.4642857142857143
"Papua New Guinea, Kimbe",8,0.4642857142857143
"Philippines, Bacolod",8,0.6428571428571429
"Papua New Guinea, Lihir Is",8,0.4642857142857143
"Papua New Guinea, Motukea Island",8,0.4642857142857143
"Indonesia, Kendari",8,0.6428571428571429
"Philippines, Puerto Princesa",8,0.6428571428571429
"Philippines, Nasipit",8,0.6428571428571429
"Philippines, Ozamiz",8,0.6428571428571429
"Philippines, Tagbilaran",8,0.6428571428571429
"Philippines, Surigao",8,0.6428571428571429
"Philippines, Roxas",8,0.6428571428571429
"Philippines, Polloc",8,0.6428571428571429
"Papua New Guinea, Port Moresby",8,0.4642857142857143
"Papua New Guinea, Rabaul",8,0.4642857142857143
"Papua New Guinea, Wewak",8,0.4642857142857143
"Guatemala, Santo Tomas de Castilla",8,0.4642857142857143
"Indonesia, Banjarmasin",8,0.6428571428571429
"Indonesia, Kumai",8,0.6428571428571429
"Papua New Guinea, Oro Bay",7,0.5238095238095238
"Papua New Guinea, Alotau",7,0.5238095238095238
"Cyprus, Limassol",7,0.8571428571428571
"Costa Rica, Moin",7,0.8571428571428571
"Papua New Guinea, Buka",7,0.5238095238095238
"Senegal, Dakar",7,0.8571428571428571
"Costa Rica, Caldera",6,0.9333333333333333
"Bangladesh, Chittagong",6,0.8
"Costa Rica, Limon",6,0.9333333333333333
"Norway, Harstad",5,0.9
"Norway, Hammerfest",5,0.9
"Norway, Glomfjord",5,0.9
"Norway, Hitra",5,0.9
"Norway, Maaloy",5,0.9
"Norway, Molde",5,0.9
"Norway, Moss",5,0.9
"Norway, Mosjoen",5,0.9
"Norway, Kvinesdal",5,0.9
"Norway, Larvik",5,0.9
"Norway, Trondheim",5,0.9
"Norway, Odda",5,0.9
"Norway, Tromso",5,0.9
"Norway, Tananger",5,0.9
"Norway, Haugesund",5,0.9
"Algeria, Algiers",5,0.7
"Norway, Svelgen",5,0.9
"Norway, Sunndalsora",5,0.9
"Norway, Stord",5,0.9
"Norway, Svolvaer",5,0.9
"Norway, Stokmarknes",5,0.9
"Norway, Stavanger",5,0.9
"Norway, Salten",5,0.9
"Norway, Sauda",5,0.9
"Norway, Oslo",5,0.9
"Norway, Orkanger",5,0.9
"Norway, Kristiansand",5,0.9
"Norway, Rorvik",5,0.9
"Norway, Ikornnes",5,0.9
"Norway, Hoyanger",5,0.9
"Norway, Haavik",5,0.9
"Mozambique, Beira",5,0.9
"Norway, Ardalstangen",5,0.9
"Norway, Aalesund",5,0.9
"Mozambique, Quelimane",5,0.9
"Mozambique, Pemba",5,0.9
"Finland, Oulu",5,0.9
"Gabon, Libreville",5,0.9
"Mozambique, Nacala",5,0.9
"Mozambique, Maputo",5,0.9
"Mozambique, Palma (MZ)",5,0.9
"Finland, Rauma",5,0.9
"Finland, Pori (Bjorneborg)",5,0.9
"Gabon, Port Gentil",5,0.9
"Finland, Turku",5,0.9
"Finland, Valkom (Valko)",5,0.9
"Finland, Tornio",5,0.9
"Finland, Pietarsaari (Jakobstad)",5,0.9
"Finland, Helsinki",5,0.9
"Finland, Kemi",5,0.9
"Finland, Kotka",5,0.9
"Finland, Kokkola (Karleby)",5,0.9
"Finland, Hanko",5,0.9
"Finland, Hamina",5,0.9
"Norway, Fusa",5,0.9
"Norway, Gjemnes",5,0.9
"Norway, Floro",5,0.9
"Norway, Egersund",5,0.9
"Norway, Drammen",5,0.9
"Norway, Fredrikstad",5,0.9
"Norway, Brevik",5,0.9
"Norway, Bodo",5,0.9
"Norway, Averoy",5,0.9
"Norway, Bergen",5,0.9
"Trinidad and Tobago, Point Lisas",5,0.9
"Trinidad and Tobago, Port of Spain",5,0.9
"Lithuania, Klaipeda",5,0.9
"Bangladesh, Mongla",5,0.9
"Algeria, Skikda",4,0.8333333333333334
"American Samoa, Pago Pago",4,0.8333333333333334
"Antigua and Barbuda, St John's (AG)",4,0.8333333333333334
"Vanuatu, Luganville",4,0.8333333333333334
"Vanuatu, Port Vila",4,0.8333333333333334
"Vanuatu, Santo",4,0.8333333333333334
"Venezuela (Bolivarian Rep. of), El Guamache",4,0.8333333333333334
"Venezuela (Bolivarian Rep. of), Guanta",4,0.8333333333333334
"Venezuela (Bolivarian Rep. of), Guaranao Bay",4,0.8333333333333334
"Bulgaria, Varna",4,0.8333333333333334
"Cabo Verde, Mindelo",4,0.8333333333333334
"Cabo Verde, Palmeira",4,0.8333333333333334
"Cabo Verde, Porto Praia",4,0.8333333333333334
"Cabo Verde, Sal Rei",4,0.8333333333333334
"Cambodia, Sihanoukville",4,0.8333333333333334
"Bermuda, Hamilton (BM)",4,0.8333333333333334
"Barbados, Bridgetown",4,0.8333333333333334
"Belize, Belize City",4,0.8333333333333334
"Belize, Big Creek",4,0.8333333333333334
"Aruba, Barcadera",4,0.8333333333333334
"Aruba, Oranjestad",4,0.8333333333333334
"Sudan, Port Sudan",4,0.8333333333333334
"Suriname, Paramaribo",4,0.8333333333333334
"Syrian Arab Republic, Latakia",4,0.8333333333333334
"Syrian Arab Republic, Tartous",4,0.8333333333333334
"Timor-Leste, Dili",4,0.8333333333333334
"Madagascar, Antsiranana",4,0.8333333333333334
"Madagascar, Ehoala",4,0.8333333333333334
"Madagascar, Mahajanga",4,0.8333333333333334
"Madagascar, Nosy Be",4,0.8333333333333334
"Madagascar, Toamasina",4,0.8333333333333334
"Kuwait, Shuaiba",4,0.8333333333333334
"Ireland, Cork",4,0.8333333333333334
"Ireland, Dublin",4,0.8333333333333334
"Ireland, Waterford",4,0.8333333333333334
"Tonga, Nukualofa",4,0.8333333333333334
"Tonga, Vavau",4,0.8333333333333334
"Tunisia, Bizerta",4,0.8333333333333334
"Tunisia, Rades",4,0.8333333333333334
"Tunisia, Sfax",4,0.8333333333333334
"Tunisia, Sousse",4,0.8333333333333334
"Tunisia, Tunis",4,0.8333333333333334
"Mauritania, Nouadhibou",4,0.8333333333333334
"Mauritania, Nouakchott",4,0.8333333333333334
"Madagascar, Toliary",4,0.8333333333333334
"Maldives, Male",4,0.8333333333333334
"Marshall Islands, Kwajalein",4,0.8333333333333334
"Solomon Islands, Noro",4,0.8333333333333334
"Kuwait, Shuwaikh",4,0.8333333333333334
"Latvia, Riga",4,0.8333333333333334
"Liberia, Monrovia",4,0.8333333333333334
"Libya, Benghazi",4,0.8333333333333334
"Libya, Khoms",4,0.8333333333333334
"Libya, Marsa el Brega",4,0.8333333333333334
"Libya, Misurata",4,0.8333333333333334
"Libya, Tripoli (LY)",4,0.8333333333333334
"Guinea, Conakry",4,0.8333333333333334
"Guinea-Bissau, Bissau",4,0.8333333333333334
"Guyana, Georgetown (GY)",4,0.8333333333333334
"Haiti, Cap Haitien",4,0.8333333333333334
"Haiti, Laffiteau",4,0.8333333333333334
"Haiti, Port-au-Prince",4,0.8333333333333334
"Honduras, Puerto Castilla",4,0.8333333333333334
"Honduras, Puerto Cortes",4,0.8333333333333334
"Honduras, Roatan I",4,0.8333333333333334
"Honduras, San Lorenzo",4,0.8333333333333334
"Iceland, Bildudalur",4,0.8333333333333334
"Iceland, Grundarfjordur, Sanafellness",4,0.8333333333333334
"Iceland, Reydharfjordur",4,0.8333333333333334
"Iceland, Reykjavik",4,0.8333333333333334
"Iceland, Vestmannaeyjar",4,0.8333333333333334
"Gibraltar, Gibraltar",4,0.8333333333333334
"Grenada, St George's",4,0.8333333333333334
"Guam, Apra",4,0.8333333333333334
"Guam, Piti",4,0.8333333333333334
"French Polynesia, Bora Bora",4,0.8333333333333334
"French Polynesia, Papeete",4,0.8333333333333334
"Micronesia (Federated States of), Yap",4,0.8333333333333334
"Montenegro, Bar",4,0.8333333333333334
"Saint Lucia, Port Castries",4,0.8333333333333334
"Saint Vincent and the Grenadines, Campden Park",4,0.8333333333333334
"Saint Vincent and the Grenadines, Kingstown",4,0.8333333333333334
"Samoa, Apia",4,0.8333333333333334
"Sao Tome and Principe, Sao Tome",4,0.8333333333333334
"Seychelles, Port Victoria",4,0.8333333333333334
"Sierra Leone, Freetown",4,0.8333333333333334
"Solomon Islands, Honiara",4,0.8333333333333334
"Marshall Islands, Majuro",4,0.8333333333333334
"Gambia, Banjul",4,0.8333333333333334
"Georgia, Batumi",4,0.8333333333333334
"Georgia, Poti",4,0.8333333333333334
"Estonia, Kunda",4,0.8333333333333334
"Estonia, Muuga",4,0.8333333333333334
"Estonia, Paldiski",4,0.8333333333333334
"Estonia, Tallinn",4,0.8333333333333334
"Faroe Islands, Kollafjordur",4,0.8333333333333334
"Faroe Islands, Torshavn",4,0.8333333333333334
"Fiji, Lautoka",4,0.8333333333333334
"Myanmar, Thilawa",4,0.8333333333333334
"New Caledonia, Noumea",4,0.8333333333333334
"New Caledonia, Prony",4,0.8333333333333334
"Saint Kitts and Nevis, Basseterre",4,0.8333333333333334
"Saint Kitts and Nevis, Charlestown",4,0.8333333333333334
"Micronesia (Federated States of), Kosrae",4,0.8333333333333334
"Micronesia (Federated States of), Pohnpei",4,0.8333333333333334
"Micronesia (Federated States of), Truk",4,0.8333333333333334
"Nicaragua, Corinto",4,0.8333333333333334
"Nicaragua, Rama (Arlen Siu)",4,0.8333333333333334
"Myanmar, Rangoon",4,0.8333333333333334
"Northern Mariana Islands, Saipan Island",4,0.8333333333333334
"Fiji, Suva",4,0.8333333333333334
"El Salvador, Acajutla",4,0.8333333333333334
"El Salvador, San Salvador",4,0.8333333333333334
"Equatorial Guinea, Bata",4,0.8333333333333334
"Equatorial Guinea, Malabo",4,0.8333333333333334
"Cuba, Moa",4,0.8333333333333334
"Cuba, Santiago",4,0.8333333333333334
"Norfolk Island, Norfolk I",4,0.8333333333333334
"Venezuela (Bolivarian Rep. of), La Guaira",4,0.8333333333333334
"Venezuela (Bolivarian Rep. of), Maracaibo",4,0.8333333333333334
"Venezuela (Bolivarian Rep. of), Palua",4,0.8333333333333334
"Venezuela (Bolivarian Rep. of), Puerto Cabello",4,0.8333333333333334
"Venezuela (Bolivarian Rep. of), Puerto Sucre",4,0.8333333333333334
"Curacao, Willemstad",4,0.8333333333333334
"Dominica, Roseau",4,0.8333333333333334
"Comoros, Moroni",4,0.8333333333333334
"Comoros, Mutsamudu",4,0.8333333333333334
"Cuba, Mariel",4,0.8333333333333334
"Cayman Islands, George Town",4,0.8333333333333334
"British Virgin Islands, Tortola",4,0.8333333333333334
"British Virgin Islands, Virgin Gorda",4,0.8333333333333334
"Brunei Darussalam, Muara",4,0.8333333333333334
"Bulgaria, Bourgas",4,0.8333333333333334
"Algeria, Mostaganem",4,0.8333333333333334
"Algeria, Ghazaouet",4,0.8333333333333334
"Algeria, Bejaia",4,0.8333333333333334
"Algeria, Annaba",4,0.8333333333333334
"Algeria, Oran",4,0.8333333333333334
"Yemen, Aden",4,0.8333333333333334
"Yemen, Mukalla",4,0.8333333333333334
